<?xml version="1.0" encoding="utf-8"?>
<extension version="1.5" type="plugin" group="jvarcade" method="upgrade">
	<name>jVArcade - C64</name>
	<creationDate>January 2014</creationDate>
	<author>Pete Kerr</author>
	<authorUrl>ukgamingzone.com</authorUrl>
	<copyright>C) All rights reserved. 2014 ukgamingzone.com</copyright>
	<license>http://www.gnu.org/copyleft/gpl.html GNU/GPL</license>>
	<description>jVArcade integration plugin for Commodore 64 games. Compiled by ukgamingzone.com</description>
	<version>1.0.0</version>
	<scriptfile>enable.script.php</scriptfile>
	<files>
		<filename plugin="c64">c64small.jar</filename>
		<filename>index.html</filename>
	</files>
</extension>