<?xml version="1.0" encoding="utf-8"?>
<extension version="1.5" type="plugin" group="jvarcade" method="upgrade">
	<name>jVArcade - Atari</name>
	<creationDate>May 2012</creationDate>
	<author>jVitals Team</author>
	<copyright>C) All rights reserved. 2011 jVitals.com</copyright>
	<license>http://www.gnu.org/copyleft/gpl.html GNU/GPL</license>
	<authorEmail>admin@jvitals.com</authorEmail>
	<authorUrl>http://www.jvitals.comm</authorUrl>
	<description>jVArcade integration plugin for Atari 2600 games.</description>
	<version>1.0.1</version>
	<scriptfile>enable.script.php</scriptfile>
	<files>
		<filename plugin="atari">javatari40.jar</filename>
		<filename>index.html</filename>
	</files>
</extension>